Workbook

Sheet Coverage Map
A1: Banking QA Test Workbook - Requirement Coverage Map
A2: Application: SecureBank Net Banking (UAT) | Modules: Login, Account Summary, Beneficiary, Fund Transfer (IMPS/NEFT), Bill Pay, Statements | All data is fictional sample data.
A4: Area | B4: Your Requirement | C4: Where It Is Covered (sheet) | D4: Banking Example / Coverage
A5: MANUAL TESTING | B5: Execute functional test cases | C5: Functional TCs | D5: 20 test cases across login, beneficiary, IMPS transfer, bill pay, statement, security
A6: MANUAL TESTING | B6: Perform exploratory testing | C6: Exploratory | D6: 6 session-based charters with findings linked to defects
A7: MANUAL TESTING | B7: Cross-browser testing | C7: Cross-Browser | D7: 6 flows x 6 browsers / devices matrix
A8: MANUAL TESTING | B8: Responsive testing | C8: Responsive | D8: 9 checks on desktop, laptop, tablet and mobile viewports
A9: MANUAL TESTING | B9: Document results (pass / fail) | C9: All sheets + Summary | D9: Status dropdown (Pass / Fail / Blocked / Not Run) with colour coding; Summary counts are formulas
A10: LOG DEFECTS | B10: Create bugs in JIRA | C10: Defect Log | D10: 9 bugs using JIRA-style keys (BANK-101 to BANK-109)
A11: LOG DEFECTS | B11: Detailed bug reports | C11: Defect Log | D11: Summary, description, steps, expected, actual, environment, build
A12: LOG DEFECTS | B12: Proper classification | C12: Defect Log + JIRA Guide | D12: Severity, priority, type, component, labels, status
A13: LOG DEFECTS | B13: Attach evidence | C13: Defect Log (Evidence column) | D13: Screenshots, videos, Postman responses, SQL results, logs
A14: LOG DEFECTS | B14: Link to test cases | C14: Defect Log (Linked Test Case) + Defect ID columns | D14: Two-way traceability: TC to bug and bug to TC
A15: INTEGRATION TESTING | B15: Test module integrations | C15: Integration | D15: 8 integrations: CBS, OTP, SMS, IMPS switch, IFSC, BBPS, fraud engine, statements
... A22: DATABASE TESTING | B22: Run SQL queries | C22: DB Testing + DB Schema + DB Sample Data | D22: 20 ready-to-run queries with expected vs actual results
A24: HOW TO USE
A25: Yellow-tab sheets are the overview. Blue = manual tests, red = defects, green = integration / API, purple = database.
A26: Status columns have a dropdown: Pass (green), Fail (red), Blocked (orange), Not Run (grey). Update them and the Summary refreshes automatically.
A27: Actual Result, Status and Defect ID values are sample results to show how a completed cycle looks. Overwrite them with your own execution results.
A28: Add a new defect row in 'Defect Log' and reference its key in the Defect ID column of the failed test.

Sheet Summary
A1: Test Execution Summary - SecureBank Net Banking (UAT)
A2: All figures are formulas linked to the test sheets; they update when you change a Status.
A4: Test Area | B4: Total | C4: Pass | D4: Fail | E4: Blocked | F4: Not Run | G4: Pass %
A5: Manual - Functional | B5: =COUNTA('Functional TCs'!J2:J21) -> 20 | C5: =COUNTIF('Functional TCs'!J2:J21,"Pass") -> 15 | D5: =COUNTIF('Functional TCs'!J2:J21,"Fail") -> 4 | E5: =COUNTIF('Functional TCs'!J2:J21,"Blocked") -> 1 | F5: =COUNTIF('Functional TCs'!J2:J21,"Not Run") -> 0 | G5: =IF(B5=0,0,C5/B5) -> 0.75
A6: Cross-Browser | B6: =COUNTA('Cross-Browser'!E2:J7) -> 36 | C6: =COUNTIF('Cross-Browser'!E2:J7,"Pass") -> 34 | D6: =COUNTIF('Cross-Browser'!E2:J7,"Fail") -> 1 | E6: =COUNTIF('Cross-Browser'!E2:J7,"Blocked") -> 0 | F6: =COUNTIF('Cross-Browser'!E2:J7,"Not Run") -> 1 | G6: =IF(B6=0,0,C6/B6) -> 0.94444444
A7: Responsive | B7: =COUNTA(Responsive!I2:I10) -> 9 | C7: =COUNTIF(Responsive!I2:I10,"Pass") -> 7 | D7: =COUNTIF(Responsive!I2:I10,"Fail") -> 1 | E7: =COUNTIF(Responsive!I2:I10,"Blocked") -> 0 | F7: =COUNTIF(Responsive!I2:I10,"Not Run") -> 1 | G7: =IF(B7=0,0,C7/B7) -> 0.77777778
A8: Integration | B8: =COUNTA(Integration!H2:H9) -> 8 | C8: =COUNTIF(Integration!H2:H9,"Pass") -> 5 | D8: =COUNTIF(Integration!H2:H9,"Fail") -> 2 | E8: =COUNTIF(Integration!H2:H9,"Blocked") -> 1 | F8: =COUNTIF(Integration!H2:H9,"Not Run") -> 0 | G8: =IF(B8=0,0,C8/B8) -> 0.625
A9: Data Flow Validation | B9: =COUNTA('Data Flow'!H2:H9) -> 8 | C9: =COUNTIF('Data Flow'!H2:H9,"Pass") -> 8 | D9: =COUNTIF('Data Flow'!H2:H9,"Fail") -> 0 | E9: =COUNTIF('Data Flow'!H2:H9,"Blocked") -> 0 | F9: =COUNTIF('Data Flow'!H2:H9,"Not Run") -> 0 | G9: =IF(B9=0,0,C9/B9) -> 1
A10: End-to-End | B10: =COUNTA('E2E Scenarios'!G2:G5) -> 4 | C10: =COUNTIF('E2E Scenarios'!G2:G5,"Pass") -> 2 | D10: =COUNTIF('E2E Scenarios'!G2:G5,"Fail") -> 1 | E10: =COUNTIF('E2E Scenarios'!G2:G5,"Blocked") -> 0 | F10: =COUNTIF('E2E Scenarios'!G2:G5,"Not Run") -> 1 | G10: =IF(B10=0,0,C10/B10) -> 0.5
A11: API (Postman) | B11: =COUNTA('API Tests (Postman)'!J2:J16) -> 15 | C11: =COUNTIF('API Tests (Postman)'!J2:J16,"Pass") -> 11 | D11: =COUNTIF('API Tests (Postman)'!J2:J16,"Fail") -> 3 | E11: =COUNTIF('API Tests (Postman)'!J2:J16,"Blocked") -> 0 | F11: =COUNTIF('API Tests (Postman)'!J2:J16,"Not Run") -> 1 | G11: =IF(B11=0,0,C11/B11) -> 0.73333333
A12: Database (SQL) | B12: =COUNTA('DB Testing'!G2:G21) -> 20 | C12: =COUNTIF('DB Testing'!G2:G21,"Pass") -> 16 | D12: =COUNTIF('DB Testing'!G2:G21,"Fail") -> 4 | E12: =COUNTIF('DB Testing'!G2:G21,"Blocked") -> 0 | F12: =COUNTIF('DB Testing'!G2:G21,"Not Run") -> 0 | G12: =IF(B12=0,0,C12/B12) -> 0.8
A13: TOTAL | B13: =SUM(B5:B12) -> 120 | C13: =SUM(C5:C12) -> 98 | D13: =SUM(D5:D12) -> 16 | E13: =SUM(E5:E12) -> 2 | F13: =SUM(F5:F12) -> 4 | G13: =IF(B13=0,0,C13/B13) -> 0.81666667
A15: Exploratory charters completed | B15: =COUNTIF(Exploratory!H2:H7,"Completed") -> 5 | C15: =COUNTA(Exploratory!H2:H7) -> 6 | D15: planned in total
A17: Defects by Severity | B17: Count
A18: Critical | B18: =COUNTIF('Defect Log'!G2:G60,A18) -> 4
A19: Major | B19: =COUNTIF('Defect Log'!G2:G60,A19) -> 3
A20: Minor | B20: =COUNTIF('Defect Log'!G2:G60,A20) -> 2
A21: Trivial | B21: =COUNTIF('Defect Log'!G2:G60,A21) -> 0
A23: Defects by Status | B23: Count
A24: Open | B24: =COUNTIF('Defect Log'!M2:M60,A24) -> 6
A25: In Progress | B25: =COUNTIF('Defect Log'!M2:M60,A25) -> 2
A26: Ready for Retest | B26: =COUNTIF('Defect Log'!M2:M60,A26) -> 1
A27: Reopened | B27: =COUNTIF('Defect Log'!M2:M60,A27) -> 0
A28: Closed | B28: =COUNTIF('Defect Log'!M2:M60,A28) -> 0
A30: Total defects logged | B30: =COUNTA('Defect Log'!A2:A60) -> 9

Sheet Functional TCs
A1: TC ID | B1: Module | C1: Scenario | D1: Priority | E1: Preconditions | F1: Test Steps | G1: Test Data | H1: Expected Result | I1: Actual Result | J1: Status | K1: Defect ID | L1: Executed By | M1: Executed On
A2: FT-LOG-001 | B2: Login | C2: Login with valid credentials + OTP | D2: High | E2: User registered; mobile number active | F2: 1. Open net banking URL 2. Enter User ID & password 3. Click Login 4. Enter OTP | G2: User: cust1001 / Pass@1234 / OTP 482913 | H2: Dashboard opens; last-login date & time shown | I2: As expected | J2: Pass | L2: QA Analyst | M2: 2026-09-23
A3: FT-LOG-002 | B3: Login | C3: Account locks after 3 wrong passwords | D3: High | E3: Active user account | F3: 1. Enter wrong password 3 times consecutively | G3: cust1001 / Wrong@123 (x3) | H3: 'Account locked' message; unlock only via reset / customer care | I3: As expected | J3: Pass | L3: QA Analyst | M3: 2026-09-23
A4: FT-LOG-003 | B4: Login | C4: OTP expires after 5 minutes | D4: High | E4: Valid user; OTP generated | F4: 1. Login and receive OTP 2. Wait 6 minutes 3. Enter the OTP | G4: cust1001 / OTP 482913 after 6 min | H4: 'OTP expired' error with Resend option | I4: OTP accepted after 6 minutes; login successful | J4: Fail | K4: BANK-102 | L4: QA Analyst | M4: 2026-09-23
A5: FT-ACC-001 | B5: Account Summary | C5: Dashboard balance matches core banking | D5: High | E5: Logged in; savings a/c active | F5: 1. Open Account Summary 2. Compare balance with CBS/DB value | G5: A/c 50010012345, balance ₹75,250.50 | H5: Available balance = ₹75,250.50 | I5: As expected | J5: Pass | L5: QA Analyst | M5: 2026-09-23
A6: FT-BEN-001 | B6: Beneficiary | C6: Add beneficiary with valid IFSC | D6: High | E6: Logged in | F6: 1. Payees > Add Beneficiary 2. Enter details 3. Verify with OTP | G6: Ravi Kumar / 60021345678 / HDFC0001234 | H6: Beneficiary added; status 'Active after cooling period' | I6: As expected | J6: Pass | L6: QA Analyst | M6: 2026-09-23
A7: FT-BEN-002 | B7: Beneficiary | C7: Invalid IFSC format rejected | D7: Medium | E7: Logged in | F7: 1. Add beneficiary with malformed IFSC | G7: IFSC: HDFC1234 | H7: Error 'Invalid IFSC code'; not saved | I7: As expected | J7: Pass | L7: QA Analyst | M7: 2026-09-23
A8: FT-FT-001 | B8: Fund Transfer | C8: IMPS transfer to registered beneficiary | D8: Critical | E8: Active beneficiary; sufficient balance | F8: 1. Fund Transfer > IMPS 2. Select beneficiary, enter amount 3. Confirm + OTP | G8: Amount ₹5,000 | H8: Txn SUCCESS; reference no. generated; balance debited ₹5,000 | I8: As expected; ref IMPS2609230001 | J8: Pass | L8: QA Analyst | M8: 2026-09-23
A9: FT-FT-002 | B9: Fund Transfer | C9: Amount greater than available balance | D9: High | E9: Balance ₹75,250.50 | F9: 1. Enter amount above balance 2. Submit | G9: Amount ₹1,00,000 | H9: 'Insufficient balance' error; no debit | I9: As expected | J9: Pass | L9: QA Analyst | M9: 2026-09-23
A10: FT-FT-003 | B10: Fund Transfer | C10: Transfer to own account blocked | D10: Medium | E10: Logged in | F10: 1. Select own a/c as beneficiary 2. Submit | G10: From = To = 50010012345 | H10: Validation error; transfer not allowed | I10: As expected | J10: Pass | L10: QA Analyst | M10: 2026-09-23
A11: FT-FT-004 | B11: Fund Transfer | C11: Zero / negative / non-numeric amount | D11: Medium | E11: Logged in | F11: 1. Enter invalid amounts 2. Submit | G11: 0, -100, abc | H11: Field-level validation messages; submit blocked | I11: As expected | J11: Pass | L11: QA Analyst | M11: 2026-09-23
A12: FT-FT-005 | B12: Fund Transfer | C12: Daily transfer limit (₹1,00,000) enforced | D12: Critical | E12: Fresh day; no prior transfers | F12: 1. Transfer ₹40,000 2. Transfer ₹40,000 3. Transfer ₹40,000 | G12: 3 x ₹40,000 same day | H12: 3rd transfer rejected: 'Daily limit exceeded' | I12: 3rd transfer succeeded; ₹1,20,000 debited in a day | J12: Fail | K12: BANK-101 | L12: QA Analyst | M12: 2026-09-23
A13: FT-FT-006 | B13: Fund Transfer | C13: Double-click on Confirm creates single txn | D13: Critical | E13: Active beneficiary | F13: 1. Enter ₹2,500 2. Double-click Confirm quickly | G13: Amount ₹2,500 | H13: Only one transaction and one debit | I13: Two transactions; ₹5,000 debited | J13: Fail | K13: BANK-103 | L13: QA Analyst | M13: 2026-09-23
A14: FT-FT-007 | B14: Fund Transfer | C14: Transaction receipt content | D14: Medium | E14: Successful transfer | F14: 1. Open receipt after transfer | G14: Txn IMPS2609230001 | H14: Receipt shows ref no., date-time, amount, beneficiary, status | I14: As expected | J14: Pass | L14: QA Analyst | M14: 2026-09-23
A15: FT-FT-008 | B15: Fund Transfer | C15: New-beneficiary limit (₹50,000) in cooling period | D15: High | E15: Beneficiary added < 24 hrs ago | F15: 1. Transfer amount above ₹50,000 | G15: Amount ₹60,000 | H15: Rejected with limit message | I15: As expected | J15: Pass | L15: QA Analyst | M15: 2026-09-23
A16: FT-BILL-001 | B16: Bill Payment | C16: Pay electricity bill | D16: Medium | E16: Biller registered | F16: 1. Bill Pay > Electricity 2. Enter consumer no. & amount 3. Confirm | G16: Consumer 1234567890 / ₹1,840 | H16: Bill paid; receipt generated; debit posted | I16: As expected | J16: Pass | L16: QA Analyst | M16: 2026-09-23
A17: FT-STM-001 | B17: Statement | C17: Mini statement shows last 10 txns (newest first) | D17: Medium | E17: Account has > 10 txns | F17: 1. Open Mini Statement | G17: A/c 50010012345 | H17: 10 rows in descending date order | I17: As expected | J17: Pass | L17: QA Analyst | M17: 2026-09-23
A18: FT-STM-002 | B18: Statement | C18: Download PDF statement for date range | D18: Medium | E18: Txns exist on 30-Sep | F18: 1. Statement > Custom range 2. Download PDF | G18: 01-Sep-2026 to 30-Sep-2026 | H18: PDF has all txns including 30-Sep | I18: Txns dated 30-Sep missing (12 vs 14 rows) | J18: Fail | K18: BANK-104 | L18: QA Analyst | M18: 2026-09-23
A19: FT-SEC-001 | B19: Security | C19: Session timeout after 5 minutes idle | D19: High | E19: Logged in | F19: 1. Stay idle 5 min 2. Click any menu | G19: Idle 5 min | H19: Session expires; redirected to login | I19: As expected | J19: Pass | L19: QA Analyst | M19: 2026-09-23
A20: FT-SEC-002 | B20: Security | C20: Back button after logout | D20: High | E20: Logged in | F20: 1. Logout 2. Press browser Back | G20: - | H20: Login page shown; no account data visible | I20: As expected | J20: Pass | L20: QA Analyst | M20: 2026-09-23
A21: FT-NOT-001 | B21: Notification | C21: SMS/email alert on debit | D21: High | E21: Successful transfer done | F21: 1. Check SMS and email after transfer | G21: Registered mobile/email | H21: SMS + email with amount & ref received | I21: SMS gateway (UAT) down; unable to verify | J21: Blocked | L21: QA Analyst | M21: 2026-09-23

Sheet Exploratory
A1: Charter ID | B1: Area | C1: Charter (mission) | D1: Time-box | E1: Tester | F1: Notes / Observations | G1: Defect ID | H1: Status
A2: EX-001 | B2: Fund Transfer | C2: Explore the amount field with unusual inputs (scientific notation, pasted symbols, very large values) to find validation gaps | D2: 60 min | E2: QA Analyst | F2: Amount '1e3' accepted and processed as ₹1,000; no client-side validation. Large values >₹10 crore correctly rejected. | G2: BANK-106 | H2: Completed
A3: EX-002 | B3: Session & Navigation | C3: Explore multi-tab use, back/forward, and concurrent login from 2 devices | D3: 45 min | E3: QA Analyst | F3: Concurrent login on two devices allowed - clarify with BA whether expected. Back/forward behaved correctly. | G3: - | H3: Completed
A4: EX-003 | B4: Network Interruption | C4: Explore behaviour when network drops after clicking Confirm on a transfer | D4: 60 min | E4: QA Analyst | F4: Txn stuck in 'Processing'; customer debited but beneficiary not credited (no auto reversal). | G4: BANK-109 | H4: Completed
A5: EX-004 | B5: Beneficiary | C5: Explore special characters, very long names and duplicate beneficiaries | D5: 30 min | E5: QA Analyst | F5: Duplicates (same a/c + IFSC) blocked correctly. Emoji in name rejected. No issues. | G5: - | H5: Completed
A6: EX-005 | B6: Statements | C6: Explore date-range edge cases (leap day, future dates, > 12 months, from > to) | D6: 30 min | E6: QA Analyst | F6: Future date and from > to handled. See FT-STM-002 for end-date issue. | G6: BANK-104 | H6: Completed
A7: EX-006 | B7: OTP Flow | C7: Explore refresh / back / resend OTP repeatedly during login | D7: 45 min | E7: QA Analyst | F7: Planned for next build | G7: - | H7: Planned

Sheet Cross-Browser
A1: Test ID | B1: Page / Feature | C1: Test Steps | D1: Expected Result | E1: Chrome (latest) | F1: Firefox (latest) | G1: Edge (latest) | H1: Safari (macOS) | I1: Chrome (Android) | J1: Safari (iOS) | K1: Defect ID | L1: Remarks
A2: CB-001 | B2: Login page + OTP | C2: Login with valid user and OTP | D2: Login succeeds; layout intact | E2: Pass | F2: Pass | G2: Pass | H2: Pass | I2: Pass | J2: Pass
A3: CB-002 | B3: Dashboard | C3: Open Account Summary | D3: Balance cards, menu and icons render correctly | E3: Pass | F3: Pass | G3: Pass | H3: Pass | I3: Pass | J3: Pass
A4: CB-003 | B4: IMPS Fund Transfer | C4: Fill form and click Confirm | D4: Confirm button responds; OTP prompt appears | E4: Pass | F4: Pass | G4: Pass | H4: Fail | I4: Pass | J4: Pass | K4: BANK-105 | L4: Safari (macOS): Confirm button unresponsive after amount entry
A5: CB-004 | B5: Add Beneficiary | C5: Submit beneficiary form | D5: Validations show; beneficiary saved | E5: Pass | F5: Pass | G5: Pass | H5: Pass | I5: Pass | J5: Pass
A6: CB-005 | B6: Statement download | C6: Download PDF statement | D6: PDF downloads and opens | E6: Pass | F6: Pass | G6: Pass | H6: Pass | I6: Pass | J6: Pass
A7: CB-006 | B7: Bill Payment | C7: Select biller and pay | D7: Payment succeeds; receipt renders | E7: Pass | F7: Pass | G7: Pass | H7: Pass | I7: Pass | J7: Not Run | L7: iOS device not available this cycle

Sheet Responsive
A1: Test ID | B1: Device | C1: Viewport (px) | D1: Orientation | E1: Page | F1: What is checked | G1: Expected Result | H1: Actual Result | I1: Status | J1: Defect ID
A2: RS-001 | B2: Desktop Full HD | C2: 1920x1080 | D2: Landscape | E2: Dashboard | F2: Layout, menu and cards align | G2: No overlap; content centred | H2: As expected | I2: Pass
A3: RS-002 | B3: Laptop | C3: 1366x768 | D3: Landscape | E3: Fund Transfer | F3: Form fits without horizontal scroll | G3: No horizontal scroll | H3: As expected | I3: Pass
A4: RS-003 | B4: iPhone SE | C4: 375x667 | D4: Portrait | E4: Dashboard | F4: Balance card readable | G4: Balance and account no. not overlapping | H4: Balance amount overlaps account number | I4: Fail | J4: BANK-107
A5: RS-004 | B5: iPhone 14 | C5: 390x844 | D5: Portrait | E5: Fund Transfer | F5: Confirm button reachable with keyboard open | G5: Button visible without zoom | H5: As expected | I5: Pass
A6: RS-005 | B6: iPad | C6: 768x1024 | D6: Portrait | E6: Statement | F6: Transaction table usable | G6: Table scrolls inside container | H6: As expected | I6: Pass
A7: RS-006 | B7: iPad | C7: 1024x768 | D7: Landscape | E7: Dashboard | F7: Menu collapses / expands | G7: Menu usable by touch | H7: As expected | I7: Pass
A8: RS-007 | B8: Pixel 7 | C8: 412x915 | D8: Portrait | E8: Login OTP | F8: Numeric keypad and OTP auto-fill | G8: Numeric keypad shown | H8: As expected | I8: Pass
A9: RS-008 | B9: Android small | C9: 360x640 | D9: Portrait | E9: Beneficiary list | F9: List items and action buttons visible | G9: No truncation of names | H9: As expected | I9: Pass
A10: RS-009 | B10: iPhone SE | C10: 667x375 | D10: Landscape | E10: Login | F10: Login form visible without clipping | G10: Form scrollable | I10: Not Run

Sheet Defect Log
A1: Defect ID (JIRA Key) | B1: Summary | C1: Description | D1: Steps to Reproduce | E1: Expected Result | F1: Actual Result | G1: Severity | H1: Priority | I1: Type (Classification) | J1: Component | K1: Environment / Build | L1: Labels | M1: Status | N1: Reported By | O1: Reported On | P1: Linked Test Case(s) | Q1: Evidence (attachments) | R1: Assignee
A2: BANK-101 | B2: Daily transfer limit (₹1,00,000) not enforced for cumulative IMPS transfers | C2: Only per-transaction limit is validated; cumulative daily total is never checked. | D2: 1. Login as cust1001 2. Transfer ₹40,000 to Ravi Kumar three times on the same day 3. Observe the third transfer | E2: Third transfer rejected: 'Daily limit exceeded' | F2: Third transfer succeeded; ₹1,20,000 debited in one day | G2: Critical | H2: Highest | I2: Functional - Business Rule | J2: Fund Transfer | K2: UAT | Build 2026.09.3 | Chrome | L2: banking, limits, regression | M2: Open | N2: QA Analyst | O2: 2026-09-23 | P2: FT-FT-005, DB-014 | Q2: BANK-101_screenshot.png; BANK-101_sql_result.png | R2: Payments Dev
A3: BANK-102 | B3: OTP accepted after 5-minute expiry | C3: Backend does not validate OTP timestamp; expired OTP still verifies. | D3: 1. Login and receive OTP 2. Wait 6 minutes 3. Enter the same OTP | E3: 'OTP expired' error | F3: Login successful | G3: Major | H3: High | I3: Security | J3: Authentication | K3: UAT | Build 2026.09.3 | Chrome | L3: security, otp | M3: In Progress | N3: QA Analyst | O3: 2026-09-23 | P3: FT-LOG-003 | Q3: BANK-102_video.mp4; BANK-102_postman_response.json | R3: Auth Dev
A4: BANK-103 | B4: Duplicate debit when Confirm is double-clicked | C4: No idempotency check on /transfers; UI button not disabled after first click. | D4: 1. Enter ₹2,500 2. Double-click Confirm rapidly | E4: One transaction, one debit | F4: Two transactions with same idempotency key; ₹5,000 debited | G4: Critical | H4: Highest | I4: Functional - Data Integrity | J4: Fund Transfer | K4: UAT | Build 2026.09.3 | Chrome | L4: banking, duplicate, idempotency | M4: Open | N4: QA Analyst | O4: 2026-09-23 | P4: FT-FT-006, API-009, DB-010 | Q4: BANK-103_screenshot.png; BANK-103_sql_result.png | R4: Payments Dev
A5: BANK-104 | B5: Statement PDF / API omits transactions dated on the end date | C5: Date filter uses '< end_date' instead of '< end_date + 1 day'. | D5: 1. Statement > Custom range 01-Sep to 30-Sep 2. Download PDF 3. Compare with DB count | E5: 14 transactions listed | F5: 12 transactions; all 30-Sep entries missing | G5: Major | H5: High | I5: Functional | J5: Statements | K5: UAT | Build 2026.09.3 | Chrome | L5: statement, date-filter | M5: Ready for Retest | N5: QA Analyst | O5: 2026-09-23 | P5: FT-STM-002, API-012, DB-005 | Q5: BANK-104_statement.pdf; BANK-104_sql_result.png | R5: Backend Dev
A6: BANK-105 | B6: Confirm button unresponsive on Fund Transfer page in Safari (macOS) | C6: Click handler bound to an unsupported event in Safari. | D6: 1. Open Fund Transfer in Safari (macOS) 2. Enter amount and click Confirm | E6: OTP prompt appears | F6: Nothing happens; console error logged | G6: Major | H6: High | I6: Compatibility | J6: Fund Transfer | K6: UAT | Build 2026.09.3 | Safari 17 / macOS | L6: cross-browser, safari | M6: Open | N6: QA Analyst | O6: 2026-09-23 | P6: CB-003 | Q6: BANK-105_console.png | R6: UI Dev
A7: BANK-106 | B7: Amount field accepts scientific notation ('1e3') | C7: No client-side numeric pattern; server parses '1e3' as 1000. | D7: 1. Open IMPS transfer 2. Enter 1e3 in Amount 3. Submit | E7: Validation error | F7: Accepted and processed as ₹1,000 | G7: Minor | H7: Medium | I7: Functional - Validation | J7: Fund Transfer | K7: UAT | Build 2026.09.3 | Chrome | L7: validation, exploratory | M7: Open | N7: QA Analyst | O7: 2026-09-23 | P7: EX-001 | Q7: BANK-106_screenshot.png | R7: UI Dev
A8: BANK-107 | B8: Balance overlaps account number on 375px screens | C8: CSS card layout breaks below 380px. | D8: 1. Open Dashboard on iPhone SE (375x667) | E8: Balance and account number on separate lines | F8: Text overlaps | G8: Minor | H8: Low | I8: UI / Responsive | J8: Dashboard | K8: UAT | Build 2026.09.3 | iOS Safari | L8: responsive, ui | M8: Open | N8: QA Analyst | O8: 2026-09-23 | P8: RS-003 | Q8: BANK-107_screenshot.png | R8: UI Dev
A9: BANK-108 | B9: API returns another customer's balance (IDOR) | C9: Balance API trusts accountId in URL without checking ownership against token. | D9: 1. Login as cust1001 and get token 2. GET /accounts/50010099999/balance (belongs to cust1002) | E9: 403 Forbidden | F9: 200 OK with cust1002's balance | G9: Critical | H9: Highest | I9: Security | J9: Accounts API | K9: UAT | Build 2026.09.3 | Postman | L9: security, api, owasp | M9: Open | N9: QA Analyst | O9: 2026-09-23 | P9: API-010 | Q9: BANK-108_postman_response.json; BANK-108_screenshot.png | R9: Accounts Dev
A10: BANK-109 | B10: Customer debited but no credit/reversal when gateway times out | C10: On timeout the txn stays INITIATED; DR ledger entry posted but CR / reversal never runs. | D10: 1. Start IMPS transfer ₹1,000 2. Cut network after Confirm (or use gateway-timeout stub) 3. Check ledger | E10: Auto reversal; balance restored | F10: Balance reduced ₹1,000; txn stuck INITIATED; ledger has DR only | G10: Critical | H10: Highest | I10: Functional - Data Integrity | J10: Payment Gateway / Ledger | K10: UAT | Build 2026.09.3 | Chrome + gateway stub | L10: banking, reversal, ledger | M10: In Progress | N10: QA Analyst | O10: 2026-09-23 | P10: EX-003, IT-004, E2E-002, DB-015 | Q10: BANK-109_sql_result.png; BANK-109_gateway_log.txt | R10: Core Banking Dev

Sheet JIRA Guide
A1: JIRA Bug Logging Guide - Classification & Template
A2: Use with the 'Defect Log' sheet. Values are examples for a banking application; align with your JIRA project scheme.
A4: SEVERITY (impact on the system)
A5: Critical | B5: Money movement, security or data integrity broken; no workaround | C5: Duplicate debit, IDOR exposing balances, debit without credit
A6: Major | B6: Key function fails or wrong data; workaround exists | C6: Statement missing transactions, OTP expiry not enforced
A7: Minor | B7: Small functional / validation issue, low business risk | C7: Scientific notation accepted in amount field
A8: Trivial | B8: Cosmetic / text issue | C8: Alignment, typo, colour
A9: PRIORITY (order of fixing)
A10: Highest | B10: Fix immediately; blocks release | C10: Any Critical money / security defect
A11: High | B11: Fix in current sprint | C11: Major defects on core flows
A12: Medium | B12: Fix in upcoming sprint | C12: Validation gaps
A13: Low | B13: Fix when capacity allows | C13: UI polish
A14: TYPE / CLASSIFICATION
A15: Functional / Business Rule | B15: Wrong behaviour vs requirement | C15: Daily limit
A16: Data Integrity | B16: DB / ledger inconsistency | C16: Orphan debit
A17: Security | B17: Auth, authorisation, data exposure | C17: OTP, IDOR
A18: Compatibility / UI / Performance | B18: Browser, device, layout or speed | C18: Safari, 375px
A19: BUG REPORT CHECKLIST
A20: Summary | B20: One line: what is wrong + where
A21: Steps to reproduce | B21: Numbered; include test data and user ID
A22: Expected vs Actual | B22: Reference requirement / BRD ID if available
A23: Environment | B23: Env, build no., browser / device, API version
A24: Evidence | B24: Screenshot, video, HAR / console log, Postman response, SQL result
A25: Links | B25: Link to test case (TC ID), requirement, and related defects using JIRA 'Issue Links'
A26: WORKFLOW
A27: Open > In Progress > Ready for Retest > Closed | B27: Reopen if retest fails and add comment with new evidence

Sheet Integration
A1: Test ID | B1: Modules Integrated | C1: Scenario | D1: Data Flow | E1: Test Data | F1: Expected Result | G1: Actual Result | H1: Status | I1: Defect ID
A2: IT-001 | B2: Fund Transfer <> Core Banking (CBS) | C2: Debit posted in CBS after successful transfer | D2: UI > Transfer API > CBS debit > Ledger | E2: Amount ₹5,000 | F2: CBS debit ₹5,000; ledger DR + CR; balance updated | G2: As expected | H2: Pass
A3: IT-002 | B3: Fund Transfer <> Notification Service | C3: SMS and email sent after debit | D3: Txn SUCCESS event > Notification queue > SMS/Email gateway | E3: Amount ₹5,000 | F3: SMS + email within 30 sec with correct amount and ref | G3: SMS gateway UAT down | H3: Blocked
A4: IT-003 | B4: Login <> OTP Gateway | C4: OTP generated and delivered at login | D4: Login API > OTP service > SMS gateway > Verify API | E4: Mobile 98XXXXXX01 | F4: OTP delivered; valid for 5 minutes; single use | G4: OTP delivered; reuse rejected | H4: Pass
A5: IT-004 | B5: Fund Transfer <> IMPS Switch (NPCI stub) | C5: Gateway timeout handling | D5: Transfer API > IMPS switch (timeout stub) > Reversal job | E5: Amount ₹1,000; stub delay 60 sec | F5: Txn FAILED and amount auto-reversed within 5 min | G5: Txn stuck INITIATED; no reversal | H5: Fail | I5: BANK-109
A6: IT-005 | B6: Beneficiary <> IFSC Validation Service | C6: Validate IFSC and fetch bank / branch | D6: Add Beneficiary UI > IFSC API > Bank master | E6: HDFC0001234 | F6: Bank name and branch auto-filled | G6: As expected | H6: Pass
A7: IT-006 | B7: Bill Pay <> Biller Aggregator (BBPS stub) | C7: Fetch bill and pay | D7: Bill Pay UI > Aggregator fetch > Pay > CBS debit | E7: Consumer 1234567890 | F7: Bill amount fetched; payment confirmed; debit posted | G7: As expected | H7: Pass
A8: IT-007 | B8: Fund Transfer <> Fraud Engine | C8: High-value transfer flagged for review | D8: Transfer API > Fraud rules > Hold / Allow | E8: Amount ₹4,00,000 to new payee | F8: Txn held for verification; customer alerted | G8: As expected | H8: Pass
A9: IT-008 | B9: Statement Service <> CBS | C9: Statement data matches core data | D9: Statement UI > Statement API > CBS transactions | E9: 01-Sep to 30-Sep | F9: Same count and totals as CBS | G9: End-date txns missing | H9: Fail | I9: BANK-104

Sheet API Tests (Postman)
A1: Test ID | B1: Test Name | C1: Method | D1: Endpoint | E1: Headers | F1: Request Body | G1: Expected Status | H1: Postman Test Script (assertions) | I1: Actual Status | J1: Result | K1: Defect ID
A2: API-001 | B2: Login - valid credentials | C2: POST | D2: {{baseUrl}}/auth/login | E2: Content-Type: application/json | F2: {"userId":"cust1001","password":"Pass@1234"} | G2: 200 | H2: pm.test('Status 200', () => pm.response.to.have.status(200)); const j = pm.response.json(); pm.expect(j.otpRef).to.be.a('string'); pm.environment.set('otpRef', j.otpRef); | I2: 200 | J2: Pass
A3: API-002 | B3: Login - wrong password | C3: POST | D3: {{baseUrl}}/auth/login | E3: Content-Type: application/json | F3: {"userId":"cust1001","password":"Wrong@123"} | G3: 401 | H3: pm.test('Status 401', () => pm.response.to.have.status(401)); pm.expect(pm.response.json().code).to.eql('INVALID_CREDENTIALS'); | I3: 401 | J3: Pass
A4: API-003 | B4: Verify OTP - get token | C4: POST | D4: {{baseUrl}}/auth/otp/verify | E4: Content-Type: application/json | F4: {"otpRef":"{{otpRef}}","otp":"482913"} | G4: 200 | H4: pm.test('Status 200', () => pm.response.to.have.status(200)); pm.environment.set('token', pm.response.json().accessToken); | I4: 200 | J4: Pass
A5: API-004 | B5: Get balance | C5: GET | D5: {{baseUrl}}/accounts/50010012345/balance | E5: Authorization: Bearer {{token}} | F5: - | G5: 200 | H5: pm.test('Status 200', () => pm.response.to.have.status(200)); const j = pm.response.json(); pm.expect(j.currency).to.eql('INR'); pm.expect(j.availableBalance).to.be.a('number'); | I5: 200 | J5: Pass
A6: API-005 | B6: Get balance - no token | C6: GET | D6: {{baseUrl}}/accounts/50010012345/balance | E6: (none) | F6: - | G6: 401 | H6: pm.test('Status 401', () => pm.response.to.have.status(401)); | I6: 401 | J6: Pass
A7: API-006 | B7: Add beneficiary | C7: POST | D7: {{baseUrl}}/beneficiaries | E7: Authorization: Bearer {{token}} Content-Type: application/json | F7: {"name":"Ravi Kumar","accountNo":"60021345678","ifsc":"HDFC0001234"} | G7: 201 | H7: pm.test('Status 201', () => pm.response.to.have.status(201)); pm.expect(pm.response.json().status).to.eql('PENDING_COOLING'); | I7: 201 | J7: Pass
A8: API-007 | B8: IMPS transfer - valid | C8: POST | D8: {{baseUrl}}/transfers | E8: Authorization: Bearer {{token}} Idempotency-Key: {{$guid}} Content-Type: application/json | F8: {"fromAccount":"50010012345","toAccount":"60021345678","ifsc":"HDFC0001234","amount":5000.00,"mode":"IMPS"} | G8: 200 | H8: pm.test('Status 200', () => pm.response.to.have.status(200)); const j = pm.response.json(); pm.expect(j.status).to.eql('SUCCESS'); pm.expect(j.txnRef).to.match(/^IMPS\d{10}$/); pm.expect(pm.response.responseTime).to.be.below(2000); pm.environment.set('txnRef', j.txnRef); | I8: 200 | J8: Pass
A9: API-008 | B9: IMPS transfer - insufficient funds | C9: POST | D9: {{baseUrl}}/transfers | E9: Authorization: Bearer {{token}} Idempotency-Key: {{$guid}} | F9: {"fromAccount":"50010012345","toAccount":"60021345678","ifsc":"HDFC0001234","amount":1000000.00,"mode":"IMPS"} | G9: 422 | H9: pm.test('Status 422', () => pm.response.to.have.status(422)); pm.expect(pm.response.json().code).to.eql('INSUFFICIENT_FUNDS'); | I9: 422 | J9: Pass
A10: API-009 | B10: IMPS transfer - duplicate Idempotency-Key | C10: POST | D10: {{baseUrl}}/transfers | E10: Authorization: Bearer {{token}} Idempotency-Key: idem-9b21 (reuse) | F10: {"fromAccount":"50010012345","toAccount":"60021345678","ifsc":"HDFC0001234","amount":2500.00,"mode":"IMPS"} | G10: 200 (same txnRef, no 2nd debit) | H10: pm.test('Same txnRef returned', () => pm.expect(pm.response.json().txnRef).to.eql(pm.environment.get('txnRef'))); | I10: 200 (new txnRef, 2nd debit) | J10: Fail | K10: BANK-103
A11: API-010 | B11: Get balance of another customer's account | C11: GET | D11: {{baseUrl}}/accounts/50010099999/balance | E11: Authorization: Bearer {{token}} | F11: - | G11: 403 | H11: pm.test('Status 403', () => pm.response.to.have.status(403)); | I11: 200 (data of cust1002) | J11: Fail | K11: BANK-108
A12: API-011 | B12: Get transfer status | C12: GET | D12: {{baseUrl}}/transfers/{{txnRef}} | E12: Authorization: Bearer {{token}} | F12: - | G12: 200 | H12: pm.test('Status 200', () => pm.response.to.have.status(200)); pm.expect(pm.response.json().status).to.be.oneOf(['SUCCESS','PROCESSING']); | I12: 200 | J12: Pass
A13: API-012 | B13: Transactions for date range | C13: GET | D13: {{baseUrl}}/accounts/50010012345/transactions?from=2026-09-01&to=2026-09-30 | E13: Authorization: Bearer {{token}} | F13: - | G13: 200 (14 records incl. 30-Sep) | H13: pm.test('Status 200', () => pm.response.to.have.status(200)); pm.expect(pm.response.json().transactions.length).to.eql(14); | I13: 200 (12 records) | J13: Fail | K13: BANK-104
A14: API-013 | B14: Transfer - mandatory field missing | C14: POST | D14: {{baseUrl}}/transfers | E14: Authorization: Bearer {{token}} | F14: {"fromAccount":"50010012345","toAccount":"60021345678","mode":"IMPS"} | G14: 400 | H14: pm.test('Status 400', () => pm.response.to.have.status(400)); pm.expect(pm.response.json().field).to.eql('amount'); | I14: 400 | J14: Pass
A15: API-014 | B15: Transfer - SQL injection in remarks | C15: POST | D15: {{baseUrl}}/transfers | E15: Authorization: Bearer {{token}} | F15: {"fromAccount":"50010012345","toAccount":"60021345678","ifsc":"HDFC0001234","amount":10,"mode":"IMPS","remarks":"x'; DROP TABLE txn;--"} | G15: 200 or 400 (no DB impact) | H15: pm.test('No 5xx', () => pm.expect(pm.response.code).to.be.below(500)); | I15: 200; remark stored as plain text; txn table intact | J15: Pass
A16: API-015 | B16: Login - rate limiting | C16: POST | D16: {{baseUrl}}/auth/login | E16: Content-Type: application/json | F16: 6 rapid requests with wrong password | G16: 429 on 6th | H16: pm.test('Status 429', () => pm.response.to.have.status(429)); | J16: Not Run

Sheet Postman Setup
A1: Postman Setup - Environment, Collection and Scripts
A2: All URLs and credentials are fictional UAT placeholders.
A4: ENVIRONMENT VARIABLES
A5: baseUrl | B5: https://api-uat.securebank.example/v1 | C5: API base URL (UAT)
A6: userId | B6: cust1001 | C6: Test customer
A7: password | B7: Pass@1234 | C7: Test password (UAT only)
A8: otpRef | B8: (set by API-001) | C8: Saved by test script
A9: token | B9: (set by API-003) | C9: Bearer token saved by test script
A10: txnRef | B10: (set by API-007) | C10: Last transaction reference
A12: COLLECTION STRUCTURE
A13: 1. Auth | B13: API-001 to API-003, API-015 | C13: Login, OTP, rate limit
A14: 2. Accounts | B14: API-004, API-005, API-010, API-012 | C14: Balance, statement, authorisation
A15: 3. Beneficiaries | B15: API-006 | C15: Add / list payees
A16: 4. Transfers | B16: API-007 to API-009, API-011, API-013, API-014 | C16: Positive, negative, security
A17: Run order | B17: Use Collection Runner (or Newman) with the same order | C17: newman run collection.json -e uat.json
A19: COLLECTION-LEVEL PRE-REQUEST SCRIPT
A20: Script | B20: pm.request.headers.add({key:'X-Correlation-Id', value: pm.variables.replaceIn('{{$guid}}')}); | C20: Adds trace ID to every request; use it to search server logs / DB audit
A22: COMMON TESTS SCRIPT
A23: Script | B23: pm.test('Response time < 2s', () => pm.expect(pm.response.responseTime).to.be.below(2000)); | C23: Basic performance check on every call

Sheet Data Flow
A1: Data Field | B1: UI (input / display) | C1: API (request / response) | D1: Database (table.column) | E1: Ledger / CBS | F1: Notification | G1: Validation Rule | H1: Status
A2: Amount | B2: 5000.00 (form field) | C2: request: amount = 5000.00 | D2: txn.amount DECIMAL(15,2) = 5000.00 | E2: Ledger DR 5000.00 | F2: SMS: 'Rs 5,000.00 debited' | G2: 2 decimals; > 0; <= available balance and daily limit | H2: Pass
A3: From account | B3: 50010012345 (dropdown) | C3: request: fromAccount | D3: txn.from_account_id = 101 | E3: Ledger account_id = 101 | F3: - | G3: Account belongs to logged-in customer | H3: Pass
A4: Beneficiary account | B4: 60021345678 | C4: request: toAccount | D4: txn.to_account_no = 60021345678 | E4: CR entry to settlement / payee | F4: - | G4: Registered and active beneficiary | H4: Pass
A5: IFSC | B5: HDFC0001234 | C5: request: ifsc | D5: beneficiary.benef_ifsc | E5: Routing info to IMPS switch | F5: - | G5: Format ^[A-Z]{4}0[A-Z0-9]{6}$ | H5: Pass
A6: Transaction reference | B6: Shown on receipt: IMPS2609230001 | C6: response: txnRef | D6: txn.txn_ref (UNIQUE) | E6: ledger.txn_id link | F6: SMS: Ref IMPS2609230001 | G6: Unique; same value in UI, API, DB, SMS | H6: Pass
A7: Timestamp | B7: 23-Sep-2026 10:15:22 IST | C7: response: createdAt (ISO 8601) | D7: txn.created_at | E7: ledger.posted_at | F7: SMS time | G7: Same instant across layers (IST display vs stored UTC offset) | H7: Pass
A8: Status | B8: SUCCESS banner | C8: response: status = SUCCESS | D8: txn.status = SUCCESS | E8: DR and CR both present | F8: Success SMS | G8: UI status = API = DB; no SUCCESS without CR | H8: Pass
A9: Balance after txn | B9: ₹70,250.50 on dashboard | C9: GET /balance = 70250.50 | D9: account.balance = 70250.50 | E9: ledger.balance_after = 70250.50 | F9: - | G9: All four values identical | H9: Pass

Sheet E2E Scenarios
A1: Scenario ID | B1: Scenario | C1: Flow (steps across systems) | D1: Systems Touched | E1: Expected End State | F1: Actual Result | G1: Status | H1: Defect ID
A2: E2E-001 | B2: Successful IMPS transfer to new beneficiary | C2: 1. Login (User ID + OTP) 2. View balance ₹75,250.50 3. Add beneficiary + OTP 4. Transfer ₹5,000 after cooling period 5. Confirm with OTP 6. View receipt 7. Check SMS / email 8. Check statement 9. Verify TXN and LEDGER in DB | D2: UI, Auth, OTP, Fund Transfer, CBS, Notification, DB | E2: Balance ₹70,250.50; txn SUCCESS; receipt, SMS, statement and DB all agree | F2: As expected (SMS not verified - gateway down) | G2: Pass
A3: E2E-002 | B3: Transfer fails at gateway and is auto-reversed | C3: 1. Login 2. Transfer ₹1,000 using timeout stub 3. Wait for reversal window 4. Check balance, txn status and ledger | D3: UI, Fund Transfer, IMPS stub, Reversal job, Ledger | E3: Txn FAILED / REVERSED; balance unchanged; ledger nets to 0 | F3: Txn stuck INITIATED; ledger has DR only | G3: Fail | H3: BANK-109
A4: E2E-003 | B4: Bill payment end-to-end | C4: 1. Login 2. Fetch electricity bill 3. Pay ₹1,840 4. Check receipt and statement 5. Verify debit in DB | D4: UI, BBPS stub, CBS, Statement, DB | E4: Bill paid; debit ₹1,840; one txn in statement and DB | F4: As expected | G4: Pass
A5: E2E-004 | B5: Locked account recovery | C5: 1. Lock account with 3 wrong passwords 2. Reset password via OTP 3. Login with new password 4. Confirm old password fails | D5: UI, Auth, OTP, DB (credential hash) | E5: Account unlocked; new hash in DB; audit log entry | G5: Not Run

Sheet DB Schema
A1: Illustrative schema for the banking example. Queries in 'DB Testing' use PostgreSQL syntax; adjust date/regex functions for MySQL / Oracle / SQL Server.
A3: Table | B3: Column(s) | C3: Type | D3: Constraint | E3: Notes
A4: CUSTOMER | B4: customer_id | C4: INT | D4: PK | E4: Unique customer
A5: CUSTOMER | B5: full_name / mobile / email | C5: VARCHAR | D5: NOT NULL | E5: Contact details
A6: CUSTOMER | B6: password_hash | C6: VARCHAR(60+) | D6: NOT NULL | E6: bcrypt hash - never plain text
A7: ACCOUNT | B7: account_id | C7: INT | D7: PK | E7: Internal ID
A8: ACCOUNT | B8: customer_id | C8: INT | D8: FK > CUSTOMER | E8: Owner
A9: ACCOUNT | B9: account_no | C9: VARCHAR(14) | D9: UNIQUE, NOT NULL | E9: Customer-visible a/c number
A10: ACCOUNT | B10: balance | C10: DECIMAL(15,2) | D10: CHECK (balance >= 0) | E10: Available balance in INR
A11: ACCOUNT | B11: status | C11: VARCHAR | D11: ACTIVE / FROZEN / CLOSED
A12: BENEFICIARY | B12: beneficiary_id, customer_id | C12: INT | D12: PK, FK > CUSTOMER
A13: BENEFICIARY | B13: benef_acc_no, benef_ifsc, benef_name, added_on, status | C13: VARCHAR/TS | D13: NOT NULL | E13: IFSC format ^[A-Z]{4}0[A-Z0-9]{6}$
A14: TXN | B14: txn_id | C14: BIGINT | D14: PK | E14: Table named TXN because TRANSACTION is a reserved word
A15: TXN | B15: txn_ref | C15: VARCHAR | D15: UNIQUE, NOT NULL | E15: Reference shown to customer
A16: TXN | B16: from_account_id | C16: INT | D16: FK > ACCOUNT | E16: Debit account
A17: TXN | B17: to_account_no, amount, txn_type | C17: VARCHAR/DECIMAL | D17: NOT NULL, amount > 0 | E17: IMPS / NEFT / UPI
A18: TXN | B18: status | C18: VARCHAR | D18: INITIATED / SUCCESS / FAILED / REVERSED
A19: TXN | B19: idempotency_key, created_at | C19: VARCHAR/TS | D19: UNIQUE (idempotency_key) | E19: Prevents duplicate submission
A20: LEDGER | B20: ledger_id | C20: BIGINT | D20: PK
A21: LEDGER | B21: txn_id, account_id | C21: BIGINT/INT | D21: FK > TXN, ACCOUNT
A22: LEDGER | B22: entry_type, amount, balance_after, posted_at | C22: VARCHAR/DECIMAL/TS | D22: DR or CR | E22: Double-entry: every txn nets to zero
A23: AUDIT_LOG | B23: audit_id, entity_id, action, performed_by, created_at | C23: BIGINT/VARCHAR/TS | D23: NOT NULL | E23: One row per transfer action

Sheet DB Sample Data
A1: Sample Data (used to understand expected vs actual results in DB Testing)
A2: Fictional data. Note: TXN 9003 duplicates 9002 (BANK-103) and TXN 9005 has a debit with no credit (BANK-109).
A4: ACCOUNT
A5: account_id | B5: customer_id | C5: account_no | D5: account_type | E5: balance | F5: status
A6: 101 | B6: 1001 | C6: 50010012345 | D6: SAVINGS | E6: 64250.5 | F6: ACTIVE
A7: 102 | B7: 1002 | C7: 50010099999 | D7: SAVINGS | E7: 12000 | F7: ACTIVE
A9: TXN
A10: txn_id | B10: txn_ref | C10: from_account_id | D10: to_account_no | E10: amount | F10: txn_type | G10: status | H10: idempotency_key | I10: created_at
A11: 9001 | B11: IMPS2609230001 | C11: 101 | D11: 60021345678 | E11: 5000 | F11: IMPS | G11: SUCCESS | H11: idem-7f3a | I11: 2026-09-23 10:15:22
A12: 9002 | B12: IMPS2609230002 | C12: 101 | D12: 60021345678 | E12: 2500 | F12: IMPS | G12: SUCCESS | H12: idem-9b21 | I12: 2026-09-23 11:02:10
A13: 9003 | B13: IMPS2609230003 | C13: 101 | D13: 60021345678 | E13: 2500 | F13: IMPS | G13: SUCCESS | H13: idem-9b21 | I13: 2026-09-23 11:02:11
A14: 9005 | B14: IMPS2609230005 | C14: 101 | D14: 60021345678 | E14: 1000 | F14: IMPS | G14: INITIATED | H14: idem-c4d8 | I14: 2026-09-23 12:40:03
A16: LEDGER
A17: ledger_id | B17: txn_id | C17: account_id | D17: entry_type | E17: amount | F17: balance_after | G17: posted_at
A18: 1 | B18: 9001 | C18: 101 | D18: DR | E18: 5000 | F18: 70250.5 | G18: 2026-09-23 10:15:23
A19: 2 | B19: 9001 | C19: 900 | D19: CR | E19: 5000 | F19: 1205000 | G19: 2026-09-23 10:15:23
A20: 3 | B20: 9002 | C20: 101 | D20: DR | E20: 2500 | F20: 67750.5 | G20: 2026-09-23 11:02:11
A21: 4 | B21: 9002 | C21: 900 | D21: CR | E21: 2500 | F21: 1207500 | G21: 2026-09-23 11:02:11
A22: 5 | B22: 9003 | C22: 101 | D22: DR | E22: 2500 | F22: 65250.5 | G22: 2026-09-23 11:02:12
A23: 6 | B23: 9003 | C23: 900 | D23: CR | E23: 2500 | F23: 1210000 | G23: 2026-09-23 11:02:12
A24: 7 | B24: 9005 | C24: 101 | D24: DR | E24: 1000 | F24: 64250.5 | G24: 2026-09-23 12:40:04

Sheet DB Testing
A1: Test ID | B1: Category | C1: Scenario | D1: SQL Query | E1: Expected Result | F1: Actual Result | G1: Status | H1: Defect ID
A2: DB-001 | B2: Data Validation | C2: TXN row created with correct values after IMPS transfer | D2: SELECT txn_ref, from_account_id, to_account_no, amount, status FROM txn WHERE txn_ref = 'IMPS2609230001'; | E2: 1 row: amount 5000.00, status SUCCESS | F2: 1 row: 5000.00, SUCCESS | G2: Pass
A3: DB-002 | B3: Data Validation | C3: Account balance reduced by transfer amount | D3: SELECT balance FROM account WHERE account_no = '50010012345'; | E3: 70250.50 after first transfer (75250.50 - 5000.00) | F3: 70250.50 | G3: Pass
A4: DB-003 | B4: Data Validation | C4: Mandatory columns are not null | D4: SELECT COUNT(*) FROM txn WHERE txn_ref IS NULL OR amount IS NULL OR from_account_id IS NULL OR status IS NULL; | E4: 0 | F4: 0 | G4: Pass
A5: DB-004 | B5: Data Validation | C5: Amount has max 2 decimals and is positive | D5: SELECT txn_ref, amount FROM txn WHERE amount <= 0 OR amount <> ROUND(amount, 2); | E5: 0 rows | F5: 0 rows | G5: Pass
A6: DB-005 | B6: Data Validation | C6: Statement count in DB equals UI / API for date range | D6: SELECT COUNT(*) FROM txn WHERE from_account_id = 101 AND created_at >= '2026-09-01' AND created_at < '2026-10-01'; | E6: 14 (same as statement PDF) | F6: DB = 14; PDF / API = 12 | G6: Fail | H6: BANK-104
A7: DB-006 | B7: Data Validation | C7: Passwords stored as hash, not plain text | D7: SELECT customer_id FROM customer WHERE password_hash IS NULL OR LENGTH(password_hash) < 60; | E7: 0 rows | F7: 0 rows | G7: Pass
A8: DB-007 | B8: Transactions | C8: Every SUCCESS txn has both DR and CR ledger entries (atomicity) | D8: SELECT t.txn_id FROM txn t LEFT JOIN ledger l ON l.txn_id = t.txn_id WHERE t.status = 'SUCCESS' GROUP BY t.txn_id HAVING COUNT(l.ledger_id) < 2; | E8: 0 rows | F8: 0 rows | G8: Pass
A9: DB-008 | B9: Transactions | C9: FAILED transaction has no debit entry | D9: SELECT t.txn_ref FROM txn t JOIN ledger l ON l.txn_id = t.txn_id WHERE t.status = 'FAILED' AND l.entry_type = 'DR'; | E9: 0 rows | F9: 0 rows | G9: Pass
A10: DB-009 | B10: Transactions | C10: REVERSED transaction nets to zero | D10: SELECT t.txn_ref FROM txn t WHERE t.status = 'REVERSED' AND (SELECT COALESCE(SUM(CASE WHEN l.entry_type='DR' THEN l.amount ELSE -l.amount END),0) FROM ledger l WHERE l.txn_id = t.txn_id) <> 0; | E10: 0 rows | F10: 0 rows | G10: Pass
A11: DB-010 | B11: Transactions | C11: No duplicate txn for same idempotency key | D11: SELECT idempotency_key, COUNT(*) FROM txn GROUP BY idempotency_key HAVING COUNT(*) > 1; | E11: 0 rows | F11: 1 row: idem-9b21, count 2 | G11: Fail | H11: BANK-103
A12: DB-011 | B12: Transactions | C12: Rollback restores balance (manual ACID test) | D12: BEGIN; UPDATE account SET balance = balance - 5000 WHERE account_id = 101; SELECT balance FROM account WHERE account_id = 101; -- reduced ROLLBACK; SELECT balance FROM account WHERE account_id = 101; -- original | E12: Balance returns to original value after ROLLBACK | F12: Original value restored | G12: Pass
A13: DB-012 | B13: Transactions | C13: Row lock prevents concurrent double spend (2 sessions) | D13: -- Session A BEGIN; SELECT balance FROM account WHERE account_id = 101 FOR UPDATE; -- Session B (run while A is open) BEGIN; SELECT balance FROM account WHERE account_id = 101 FOR UPDATE; | E13: Session B waits until Session A COMMIT / ROLLBACK | F13: Session B blocked until A committed | G13: Pass
A14: DB-013 | B14: Transactions | C14: No account has negative balance | D14: SELECT account_id, balance FROM account WHERE balance < 0; | E14: 0 rows | F14: 0 rows | G14: Pass
A15: DB-014 | B15: Transactions | C15: Daily limit (₹1,00,000) not exceeded per account | D15: SELECT from_account_id, SUM(amount) AS total FROM txn WHERE status = 'SUCCESS' AND created_at >= DATE '2026-09-22' AND created_at < DATE '2026-09-23' GROUP BY from_account_id HAVING SUM(amount) > 100000; | E15: 0 rows | F15: 1 row: account 101, total 120000.00 | G15: Fail | H15: BANK-101
A16: DB-015 | B16: Data Integrity | C16: Ledger balanced for every txn (DR = CR) | D16: SELECT txn_id, SUM(CASE WHEN entry_type='DR' THEN amount ELSE -amount END) AS diff FROM ledger GROUP BY txn_id HAVING SUM(CASE WHEN entry_type='DR' THEN amount ELSE -amount END) <> 0; | E16: 0 rows | F16: 1 row: txn 9005, diff 1000.00 | G16: Fail | H16: BANK-109
A17: DB-016 | B17: Data Integrity | C17: No orphan TXN (foreign key to ACCOUNT) | D17: SELECT t.txn_id FROM txn t LEFT JOIN account a ON a.account_id = t.from_account_id WHERE a.account_id IS NULL; | E17: 0 rows | F17: 0 rows | G17: Pass
A18: DB-017 | B18: Data Integrity | C18: txn_ref is unique | D18: SELECT txn_ref, COUNT(*) FROM txn GROUP BY txn_ref HAVING COUNT(*) > 1; | E18: 0 rows | F18: 0 rows | G18: Pass
A19: DB-018 | B19: Data Integrity | C19: Latest ledger balance_after equals account balance | D19: SELECT a.account_id, a.balance, l.balance_after FROM account a JOIN ledger l ON l.ledger_id = (SELECT MAX(ledger_id) FROM ledger WHERE account_id = a.account_id) WHERE a.balance <> l.balance_after; | E19: 0 rows | F19: 0 rows | G19: Pass
A20: DB-019 | B20: Data Integrity | C20: Audit log entry exists for every transfer | D20: SELECT t.txn_id FROM txn t LEFT JOIN audit_log al ON al.entity_id = t.txn_id AND al.action = 'FUND_TRANSFER' WHERE al.audit_id IS NULL; | E20: 0 rows | F20: 0 rows | G20: Pass
A21: DB-020 | B21: Data Integrity | C21: Beneficiary IFSC follows valid format | D21: SELECT beneficiary_id, benef_ifsc FROM beneficiary WHERE benef_ifsc !~ '^[A-Z]{4}0[A-Z0-9]{6}$'; | E21: 0 rows | F21: 0 rows | G21: Pass
